dataset,method,modern,budget,n_seeds,mean_final_acc,std_final_acc
cifar10,WASSAL_WITHSOFT,False,25,3,32.28,1.11
cifar10,WASSAL_WITHSOFT,False,50,3,35.97,0.49
cifar10,WASSAL_WITHSOFT,False,100,3,36.31,2.33
cifar10,WASSAL_WITHSOFT,False,125,3,38.44,2.01
cifar10,WASSAL_WITHSOFT,False,150,3,39.72,0.32
cifar10,WASSAL_WITHSOFT,False,175,3,39.06,1.31
cifar10,WASSAL_WITHSOFT,False,200,3,40.43,0.57
cifar10,WASSAL,False,25,3,30.62,0.90
cifar10,WASSAL,False,50,3,35.38,0.57
cifar10,WASSAL,False,100,3,38.24,0.74
cifar10,WASSAL,False,125,3,38.55,1.42
cifar10,WASSAL,False,150,3,41.67,1.26
cifar10,WASSAL,False,175,3,41.10,0.38
cifar10,WASSAL,False,200,3,41.68,0.11
cifar10,badge,False,25,3,30.18,1.66
cifar10,badge,False,50,3,33.12,1.42
cifar10,badge,False,100,3,37.72,1.03
cifar10,badge,False,125,3,39.70,1.00
cifar10,badge,False,150,3,40.22,1.03
cifar10,badge,False,175,3,42.38,1.24
cifar10,badge,False,200,3,42.99,0.95
cifar10,glister,False,25,3,31.38,1.86
cifar10,glister,False,50,3,32.98,2.43
cifar10,glister,False,100,3,38.91,0.67
cifar10,glister,False,125,3,39.19,1.58
cifar10,glister,False,150,3,40.34,0.36
cifar10,glister,False,175,3,40.36,0.87
cifar10,glister,False,200,3,41.26,0.33
cifar10,gradmatch-tss,False,25,3,30.01,1.25
cifar10,gradmatch-tss,False,50,3,34.61,1.47
cifar10,gradmatch-tss,False,100,3,36.33,1.55
cifar10,gradmatch-tss,False,125,3,37.80,0.66
cifar10,gradmatch-tss,False,150,3,38.73,0.87
cifar10,gradmatch-tss,False,175,3,40.01,1.97
cifar10,gradmatch-tss,False,200,3,40.96,0.60
cifar10,coreset,False,25,3,30.26,2.13
cifar10,coreset,False,50,3,35.88,0.82
cifar10,coreset,False,100,3,36.17,0.90
cifar10,coreset,False,125,3,38.70,1.66
cifar10,coreset,False,150,3,39.66,1.38
cifar10,coreset,False,175,3,40.76,1.79
cifar10,coreset,False,200,3,38.43,1.18
cifar10,us,False,25,3,31.36,1.36
cifar10,us,False,50,3,32.86,0.48
cifar10,us,False,100,3,35.66,1.44
cifar10,us,False,125,3,39.13,0.75
cifar10,us,False,150,3,37.53,3.87
cifar10,us,False,175,3,37.22,6.64
cifar10,us,False,200,3,39.26,1.77
cifar10,leastconf,False,25,3,31.87,2.77
cifar10,leastconf,False,50,3,33.90,1.78
cifar10,leastconf,False,100,3,38.47,1.47
cifar10,leastconf,False,125,3,40.10,0.56
cifar10,leastconf,False,150,3,41.01,2.43
cifar10,leastconf,False,175,3,42.51,2.09
cifar10,leastconf,False,200,3,42.18,1.59
cifar10,margin,False,25,3,29.20,0.49
cifar10,margin,False,50,3,31.94,2.09
cifar10,margin,False,100,3,38.35,1.46
cifar10,margin,False,125,3,38.72,1.71
cifar10,margin,False,150,3,40.58,0.83
cifar10,margin,False,175,3,42.45,1.12
cifar10,margin,False,200,3,40.88,1.76
cifar10,random,False,25,3,30.43,0.73
cifar10,random,False,50,3,33.99,0.97
cifar10,random,False,100,3,39.38,0.60
cifar10,random,False,125,3,38.75,0.26
cifar10,random,False,150,3,40.32,0.97
cifar10,random,False,175,3,42.24,1.06
cifar10,random,False,200,3,39.75,3.10
cifar10,typiclust,True,25,3,30.57,1.78
cifar10,typiclust,True,50,3,33.23,0.94
cifar10,typiclust,True,100,3,38.17,1.16
cifar10,typiclust,True,125,3,38.17,1.46
cifar10,typiclust,True,150,3,40.35,0.84
cifar10,typiclust,True,175,3,41.21,0.99
cifar10,typiclust,True,200,3,41.92,1.14
cifar10,probcover,True,25,3,29.33,1.77
cifar10,probcover,True,50,3,32.72,0.97
cifar10,probcover,True,100,3,38.65,1.40
cifar10,probcover,True,125,3,37.18,0.38
cifar10,probcover,True,150,3,39.51,1.54
cifar10,probcover,True,175,3,38.97,0.54
cifar10,probcover,True,200,3,39.26,1.33
cifar10,dcom,True,25,3,28.94,0.80
cifar10,dcom,True,50,3,31.72,1.40
cifar10,dcom,True,100,3,36.69,1.47
cifar10,dcom,True,125,3,37.23,2.39
cifar10,dcom,True,150,3,38.81,1.48
cifar10,dcom,True,175,3,37.50,2.57
cifar10,dcom,True,200,3,40.52,0.47
cifar10,alfamargin,True,25,3,30.84,0.35
cifar10,alfamargin,True,50,3,31.34,1.30
cifar10,alfamargin,True,100,3,37.43,1.15
cifar10,alfamargin,True,125,3,39.00,1.37
cifar10,alfamargin,True,150,3,39.63,2.17
cifar10,alfamargin,True,175,3,42.10,0.80
cifar10,alfamargin,True,200,3,41.25,0.55
cifar10,maxherding,True,25,3,31.01,1.45
cifar10,maxherding,True,50,3,33.56,1.10
cifar10,maxherding,True,100,3,37.28,0.89
cifar10,maxherding,True,125,3,40.23,1.42
cifar10,maxherding,True,150,3,40.63,2.20
cifar10,maxherding,True,175,3,39.71,0.42
cifar10,maxherding,True,200,3,40.84,0.45
cifar10,uherding,True,25,3,32.79,0.42
cifar10,uherding,True,50,3,33.18,0.19
cifar10,uherding,True,100,3,39.17,0.46
cifar10,uherding,True,125,3,39.82,0.97
cifar10,uherding,True,150,3,40.88,0.50
cifar10,uherding,True,175,3,40.35,1.69
cifar10,uherding,True,200,3,40.77,0.53
cifar10,wassersteinip,True,25,3,29.72,0.41
cifar10,wassersteinip,True,50,3,32.99,0.79
cifar10,wassersteinip,True,100,3,35.59,1.21
cifar10,wassersteinip,True,125,3,38.89,1.00
cifar10,wassersteinip,True,150,3,38.44,0.91
cifar10,wassersteinip,True,175,3,40.54,1.59
cifar10,wassersteinip,True,200,3,39.83,1.20
svhn,WASSAL_WITHSOFT,False,25,3,24.81,1.09
svhn,WASSAL_WITHSOFT,False,50,3,33.29,4.12
svhn,WASSAL_WITHSOFT,False,100,3,35.28,2.86
svhn,WASSAL_WITHSOFT,False,175,3,53.94,6.99
svhn,WASSAL_WITHSOFT,False,200,3,38.07,3.12
svhn,WASSAL,False,25,3,28.85,2.23
svhn,WASSAL,False,50,3,35.76,4.14
svhn,WASSAL,False,100,3,39.18,11.15
svhn,WASSAL,False,175,3,37.94,8.03
svhn,WASSAL,False,200,3,53.29,4.01
svhn,badge,False,25,3,27.13,2.83
svhn,badge,False,50,3,34.75,3.77
svhn,badge,False,100,3,43.57,1.04
svhn,badge,False,175,3,49.46,5.68
svhn,badge,False,200,3,60.48,9.46
svhn,glister,False,25,3,26.50,1.30
svhn,glister,False,50,3,37.42,1.52
svhn,glister,False,100,3,47.05,2.86
svhn,glister,False,175,3,45.28,10.20
svhn,glister,False,200,3,48.31,10.00
svhn,gradmatch-tss,False,25,3,25.86,3.07
svhn,gradmatch-tss,False,50,3,38.22,2.44
svhn,gradmatch-tss,False,100,3,46.27,5.27
svhn,gradmatch-tss,False,175,3,53.80,11.20
svhn,gradmatch-tss,False,200,3,52.44,11.05
svhn,coreset,False,25,3,26.15,2.02
svhn,coreset,False,50,3,32.75,1.32
svhn,coreset,False,100,3,40.66,6.32
svhn,coreset,False,175,3,48.34,8.61
svhn,coreset,False,200,3,45.07,0.92
svhn,us,False,25,3,22.57,0.88
svhn,us,False,50,3,30.04,2.80
svhn,us,False,100,3,46.05,3.62
svhn,us,False,175,3,53.62,10.73
svhn,us,False,200,3,58.52,7.66
svhn,leastconf,False,25,3,24.86,1.72
svhn,leastconf,False,50,3,28.58,2.21
svhn,leastconf,False,100,3,45.79,10.90
svhn,leastconf,False,175,3,64.86,4.61
svhn,leastconf,False,200,3,67.99,3.63
svhn,margin,False,25,3,25.17,1.21
svhn,margin,False,50,3,36.79,3.16
svhn,margin,False,100,3,48.86,4.33
svhn,margin,False,175,3,40.01,4.40
svhn,margin,False,200,3,54.19,8.81
svhn,random,False,25,3,23.72,3.76
svhn,random,False,50,3,34.70,3.02
svhn,random,False,100,3,42.51,5.91
svhn,random,False,175,3,48.61,2.13
svhn,random,False,200,3,47.08,2.76
svhn,typiclust,True,25,3,27.50,3.94
svhn,typiclust,True,50,3,37.41,2.36
svhn,typiclust,True,100,3,40.83,3.69
svhn,typiclust,True,175,3,49.23,7.66
svhn,typiclust,True,200,3,45.07,14.47
svhn,probcover,True,25,3,25.04,1.55
svhn,probcover,True,50,3,37.08,2.02
svhn,probcover,True,100,3,40.02,3.18
svhn,probcover,True,175,3,53.95,9.01
svhn,probcover,True,200,3,36.99,6.18
svhn,dcom,True,25,3,24.39,1.68
svhn,dcom,True,50,3,30.73,3.07
svhn,dcom,True,100,3,41.60,4.95
svhn,dcom,True,175,3,39.72,4.47
svhn,dcom,True,200,3,40.56,7.02
svhn,alfamargin,True,25,3,24.31,3.77
svhn,alfamargin,True,50,3,33.48,2.42
svhn,alfamargin,True,100,3,48.59,3.84
svhn,alfamargin,True,175,3,51.60,9.92
svhn,alfamargin,True,200,3,47.93,1.95
svhn,maxherding,True,25,3,24.90,1.28
svhn,maxherding,True,50,3,33.75,2.18
svhn,maxherding,True,100,3,39.55,6.95
svhn,maxherding,True,175,3,43.61,12.70
svhn,maxherding,True,200,3,51.29,2.43
svhn,uherding,True,25,3,25.08,3.38
svhn,uherding,True,50,3,31.92,1.46
svhn,uherding,True,100,3,48.11,3.12
svhn,uherding,True,175,3,43.92,8.31
svhn,uherding,True,200,3,51.53,5.70
svhn,wassersteinip,True,25,3,25.23,2.72
svhn,wassersteinip,True,50,3,36.30,0.84
svhn,wassersteinip,True,100,3,45.92,2.41
svhn,wassersteinip,True,175,3,44.39,9.60
svhn,wassersteinip,True,200,3,47.01,11.30
pneumoniamnist,WASSAL_WITHSOFT,False,20,3,82.64,1.20
pneumoniamnist,WASSAL_WITHSOFT,False,30,3,83.87,1.76
pneumoniamnist,WASSAL_WITHSOFT,False,40,3,82.53,2.10
pneumoniamnist,WASSAL_WITHSOFT,False,50,3,82.64,2.91
pneumoniamnist,WASSAL_WITHSOFT,False,60,3,81.84,2.92
pneumoniamnist,WASSAL_WITHSOFT,False,70,3,82.69,1.05
pneumoniamnist,WASSAL_WITHSOFT,False,80,3,81.09,1.67
pneumoniamnist,WASSAL_WITHSOFT,False,90,3,80.13,1.89
pneumoniamnist,WASSAL_WITHSOFT,False,100,3,82.64,0.09
pneumoniamnist,WASSAL,False,20,3,83.28,2.70
pneumoniamnist,WASSAL,False,30,3,83.44,3.58
pneumoniamnist,WASSAL,False,40,3,82.64,4.66
pneumoniamnist,WASSAL,False,50,3,84.67,0.19
pneumoniamnist,WASSAL,False,60,3,84.83,0.46
pneumoniamnist,WASSAL,False,70,3,85.79,3.46
pneumoniamnist,WASSAL,False,80,3,85.52,2.61
pneumoniamnist,WASSAL,False,90,3,84.78,1.69
pneumoniamnist,WASSAL,False,100,3,84.67,2.76
pneumoniamnist,badge,False,20,3,84.29,3.47
pneumoniamnist,badge,False,30,3,84.13,1.78
pneumoniamnist,badge,False,40,3,83.39,2.45
pneumoniamnist,badge,False,50,3,83.97,2.52
pneumoniamnist,badge,False,60,3,86.38,2.67
pneumoniamnist,badge,False,70,3,84.62,0.42
pneumoniamnist,badge,False,80,3,84.56,2.27
pneumoniamnist,badge,False,90,3,84.56,1.57
pneumoniamnist,badge,False,100,3,86.22,0.96
pneumoniamnist,glister,False,20,3,85.31,3.57
pneumoniamnist,glister,False,30,3,85.15,2.55
pneumoniamnist,glister,False,40,3,85.52,0.94
pneumoniamnist,glister,False,50,3,84.83,2.76
pneumoniamnist,glister,False,60,3,84.99,1.86
pneumoniamnist,glister,False,70,3,83.65,3.06
pneumoniamnist,glister,False,80,3,82.64,1.86
pneumoniamnist,glister,False,90,3,82.37,1.81
pneumoniamnist,glister,False,100,3,84.35,2.41
pneumoniamnist,gradmatch-tss,False,20,3,85.36,1.45
pneumoniamnist,gradmatch-tss,False,30,3,86.70,2.85
pneumoniamnist,gradmatch-tss,False,40,3,87.29,1.52
pneumoniamnist,gradmatch-tss,False,50,3,85.36,3.92
pneumoniamnist,gradmatch-tss,False,60,3,83.97,1.69
pneumoniamnist,gradmatch-tss,False,70,3,83.81,1.31
pneumoniamnist,gradmatch-tss,False,80,3,83.01,1.63
pneumoniamnist,gradmatch-tss,False,90,3,84.08,3.64
pneumoniamnist,gradmatch-tss,False,100,3,84.08,1.20
pneumoniamnist,coreset,False,20,3,83.12,2.96
pneumoniamnist,coreset,False,30,3,83.76,1.22
pneumoniamnist,coreset,False,40,3,84.19,1.38
pneumoniamnist,coreset,False,50,3,85.79,3.45
pneumoniamnist,coreset,False,60,3,84.03,0.61
pneumoniamnist,coreset,False,70,3,84.88,2.19
pneumoniamnist,coreset,False,80,3,83.60,3.29
pneumoniamnist,coreset,False,90,3,82.80,0.88
pneumoniamnist,coreset,False,100,3,82.85,1.67
pneumoniamnist,us,False,20,3,86.32,0.88
pneumoniamnist,us,False,30,3,83.55,4.03
pneumoniamnist,us,False,40,3,83.12,0.49
pneumoniamnist,us,False,50,3,83.55,2.43
pneumoniamnist,us,False,60,3,85.68,1.16
pneumoniamnist,us,False,70,3,85.31,1.73
pneumoniamnist,us,False,80,3,83.44,4.22
pneumoniamnist,us,False,90,3,82.21,3.12
pneumoniamnist,us,False,100,3,83.92,0.65
pneumoniamnist,leastconf,False,20,3,83.44,1.82
pneumoniamnist,leastconf,False,30,3,83.17,1.31
pneumoniamnist,leastconf,False,40,3,84.56,0.33
pneumoniamnist,leastconf,False,50,3,84.51,1.82
pneumoniamnist,leastconf,False,60,3,84.72,3.67
pneumoniamnist,leastconf,False,70,3,84.78,1.67
pneumoniamnist,leastconf,False,80,3,82.96,2.64
pneumoniamnist,leastconf,False,90,3,85.84,0.67
pneumoniamnist,leastconf,False,100,3,85.84,0.72
pneumoniamnist,margin,False,20,3,82.85,3.06
pneumoniamnist,margin,False,30,3,84.29,1.78
pneumoniamnist,margin,False,40,3,84.67,2.46
pneumoniamnist,margin,False,50,3,84.46,1.25
pneumoniamnist,margin,False,60,3,78.21,13.49
pneumoniamnist,margin,False,70,3,83.71,1.56
pneumoniamnist,margin,False,80,3,84.67,1.56
pneumoniamnist,margin,False,90,3,83.44,1.36
pneumoniamnist,margin,False,100,3,85.26,2.16
pneumoniamnist,random,False,20,3,85.63,0.52
pneumoniamnist,random,False,30,3,84.03,2.61
pneumoniamnist,random,False,40,3,80.82,1.09
pneumoniamnist,random,False,50,3,83.01,1.58
pneumoniamnist,random,False,60,3,83.39,1.61
pneumoniamnist,random,False,70,3,83.44,0.49
pneumoniamnist,random,False,80,3,83.87,1.58
pneumoniamnist,random,False,90,3,80.45,1.94
pneumoniamnist,random,False,100,3,81.30,2.21
pneumoniamnist,typiclust,True,20,3,81.14,1.57
pneumoniamnist,typiclust,True,30,3,83.60,1.03
pneumoniamnist,typiclust,True,40,3,82.37,0.58
pneumoniamnist,typiclust,True,50,3,80.61,1.31
pneumoniamnist,typiclust,True,60,3,84.40,1.49
pneumoniamnist,typiclust,True,70,3,81.09,0.58
pneumoniamnist,typiclust,True,80,3,83.92,0.09
pneumoniamnist,typiclust,True,90,3,81.73,1.25
pneumoniamnist,typiclust,True,100,3,83.81,0.56
pneumoniamnist,probcover,True,20,3,82.26,2.52
pneumoniamnist,probcover,True,30,3,85.63,1.96
pneumoniamnist,probcover,True,40,3,83.23,2.61
pneumoniamnist,probcover,True,50,3,84.56,0.56
pneumoniamnist,probcover,True,60,3,85.90,0.89
pneumoniamnist,probcover,True,70,3,84.08,1.20
pneumoniamnist,probcover,True,80,3,82.32,0.61
pneumoniamnist,probcover,True,90,3,83.44,1.07
pneumoniamnist,probcover,True,100,3,86.22,1.78
pneumoniamnist,dcom,True,20,3,85.84,0.76
pneumoniamnist,dcom,True,30,3,82.21,1.67
pneumoniamnist,dcom,True,40,3,83.44,0.65
pneumoniamnist,dcom,True,50,3,83.17,4.09
pneumoniamnist,dcom,True,60,3,83.65,1.89
pneumoniamnist,dcom,True,70,3,84.72,1.20
pneumoniamnist,dcom,True,80,3,82.32,1.54
pneumoniamnist,dcom,True,90,3,83.01,1.47
pneumoniamnist,dcom,True,100,3,82.75,1.56
pneumoniamnist,alfamargin,True,20,3,83.01,2.23
pneumoniamnist,alfamargin,True,30,3,84.83,1.87
pneumoniamnist,alfamargin,True,40,3,85.84,2.00
pneumoniamnist,alfamargin,True,50,3,83.39,2.57
pneumoniamnist,alfamargin,True,60,3,83.81,2.39
pneumoniamnist,alfamargin,True,70,3,82.43,4.81
pneumoniamnist,alfamargin,True,80,3,84.99,0.91
pneumoniamnist,alfamargin,True,90,3,84.13,2.31
pneumoniamnist,alfamargin,True,100,3,83.92,0.88
pneumoniamnist,maxherding,True,20,3,83.65,1.55
pneumoniamnist,maxherding,True,30,3,81.84,0.37
pneumoniamnist,maxherding,True,40,3,84.51,2.57
pneumoniamnist,maxherding,True,50,3,82.69,2.65
pneumoniamnist,maxherding,True,60,3,82.85,1.16
pneumoniamnist,maxherding,True,70,3,83.28,2.63
pneumoniamnist,maxherding,True,80,3,84.62,2.54
pneumoniamnist,maxherding,True,90,3,86.06,1.40
pneumoniamnist,maxherding,True,100,3,80.50,10.36
pneumoniamnist,uherding,True,20,3,86.86,1.39
pneumoniamnist,uherding,True,30,3,85.26,1.31
pneumoniamnist,uherding,True,40,3,85.36,1.82
pneumoniamnist,uherding,True,50,3,84.56,3.24
pneumoniamnist,uherding,True,60,3,82.21,0.85
pneumoniamnist,uherding,True,70,3,84.88,2.97
pneumoniamnist,uherding,True,80,3,86.70,0.73
pneumoniamnist,uherding,True,90,3,85.47,1.31
pneumoniamnist,uherding,True,100,3,84.13,1.67
pneumoniamnist,wassersteinip,True,20,3,81.94,0.88
pneumoniamnist,wassersteinip,True,30,3,82.96,1.20
pneumoniamnist,wassersteinip,True,40,3,79.81,1.27
pneumoniamnist,wassersteinip,True,50,3,83.92,3.77
pneumoniamnist,wassersteinip,True,60,3,81.94,1.82
pneumoniamnist,wassersteinip,True,70,3,80.66,0.79
pneumoniamnist,wassersteinip,True,80,3,81.94,2.48
pneumoniamnist,wassersteinip,True,90,3,82.26,1.56
pneumoniamnist,wassersteinip,True,100,3,84.03,3.73
stl10,WASSAL_WITHSOFT,False,25,3,23.80,0.37
stl10,WASSAL_WITHSOFT,False,50,3,23.75,0.28
stl10,WASSAL_WITHSOFT,False,100,3,23.97,0.29
stl10,WASSAL_WITHSOFT,False,125,3,25.20,0.39
stl10,WASSAL_WITHSOFT,False,150,3,24.82,0.55
stl10,WASSAL_WITHSOFT,False,175,3,25.24,0.14
stl10,WASSAL_WITHSOFT,False,200,3,25.88,0.18
stl10,WASSAL,False,25,3,21.34,0.20
stl10,WASSAL,False,50,3,23.88,0.16
stl10,WASSAL,False,100,3,25.20,0.32
stl10,WASSAL,False,125,3,26.02,0.22
stl10,WASSAL,False,150,3,26.27,0.09
stl10,WASSAL,False,175,3,26.66,0.18
stl10,WASSAL,False,200,3,27.66,0.11
stl10,badge,False,25,3,20.42,0.03
stl10,badge,False,50,3,22.49,0.12
stl10,badge,False,100,2,24.49,0.08
stl10,badge,False,125,2,24.85,
stl10,badge,False,150,2,25.29,0.89
stl10,badge,False,175,2,26.41,0.05
stl10,badge,False,200,2,27.36,0.50
stl10,glister,False,25,3,21.39,0.57
stl10,glister,False,50,3,22.71,0.73
stl10,glister,False,100,2,24.89,0.71
stl10,glister,False,125,2,25.16,0.01
stl10,glister,False,150,2,25.42,0.26
stl10,glister,False,175,2,26.46,0.06
stl10,glister,False,200,2,27.62,0.09
stl10,gradmatch-tss,False,25,3,21.24,0.41
stl10,gradmatch-tss,False,50,3,22.62,0.29
stl10,gradmatch-tss,False,100,2,24.86,0.25
stl10,gradmatch-tss,False,125,2,25.51,0.10
stl10,gradmatch-tss,False,150,2,25.59,0.04
stl10,gradmatch-tss,False,175,2,26.26,0.27
stl10,gradmatch-tss,False,200,2,27.44,0.11
stl10,coreset,False,25,3,21.22,0.09
stl10,coreset,False,50,3,22.43,0.11
stl10,coreset,False,100,2,24.14,0.01
stl10,coreset,False,125,2,24.70,0.18
stl10,coreset,False,150,2,24.81,0.17
stl10,coreset,False,175,2,25.21,0.21
stl10,coreset,False,200,2,26.15,0.12
stl10,us,False,25,3,18.84,0.11
stl10,us,False,50,3,21.25,0.05
stl10,us,False,100,2,24.52,0.07
stl10,us,False,125,2,24.81,0.02
stl10,us,False,150,2,24.89,0.06
stl10,us,False,175,2,25.42,0.04
stl10,us,False,200,2,26.28,0.26
stl10,leastconf,False,25,3,18.95,0.45
stl10,leastconf,False,50,3,21.17,0.18
stl10,leastconf,False,100,2,24.26,0.32
stl10,leastconf,False,125,2,25.03,0.10
stl10,leastconf,False,150,2,25.36,0.34
stl10,leastconf,False,175,2,25.95,0.07
stl10,leastconf,False,200,2,27.08,0.36
stl10,margin,False,25,3,20.10,0.62
stl10,margin,False,50,3,21.34,0.68
stl10,margin,False,100,2,24.27,0.25
stl10,margin,False,125,2,24.55,0.12
stl10,margin,False,150,2,24.54,0.42
stl10,margin,False,175,2,26.25,0.23
stl10,margin,False,200,2,26.77,0.40
stl10,random,False,25,3,20.10,0.04
stl10,random,False,50,3,22.25,0.63
stl10,random,False,100,2,23.79,0.11
stl10,random,False,125,2,24.88,0.80
stl10,random,False,150,2,25.21,0.57
stl10,random,False,175,2,25.11,0.04
stl10,random,False,200,2,26.14,0.02
stl10,typiclust,True,25,3,20.05,0.41
stl10,typiclust,True,50,3,22.22,0.26
stl10,typiclust,True,100,3,24.07,0.36
stl10,typiclust,True,125,3,24.25,0.41
stl10,typiclust,True,150,3,25.11,0.34
stl10,typiclust,True,175,3,25.25,0.33
stl10,typiclust,True,200,3,26.61,0.25
stl10,probcover,True,25,3,21.00,0.02
stl10,probcover,True,50,3,21.55,0.03
stl10,probcover,True,100,3,24.68,0.04
stl10,probcover,True,125,3,24.88,0.15
stl10,probcover,True,150,3,25.37,0.04
stl10,probcover,True,175,3,25.85,0.13
stl10,probcover,True,200,3,26.94,0.03
stl10,dcom,True,25,3,21.43,0.39
stl10,dcom,True,50,3,22.30,0.16
stl10,dcom,True,100,3,24.75,0.15
stl10,dcom,True,125,3,24.55,0.48
stl10,dcom,True,150,3,24.93,0.18
stl10,dcom,True,175,3,25.75,0.14
stl10,dcom,True,200,3,26.80,0.16
stl10,alfamargin,True,25,3,20.37,0.26
stl10,alfamargin,True,50,3,22.43,0.15
stl10,alfamargin,True,100,3,24.32,0.28
stl10,alfamargin,True,125,3,25.51,0.65
stl10,alfamargin,True,150,3,25.83,0.46
stl10,alfamargin,True,175,3,26.02,0.31
stl10,alfamargin,True,200,3,27.05,0.16
stl10,maxherding,True,25,3,20.70,0.14
stl10,maxherding,True,50,3,22.54,0.31
stl10,maxherding,True,100,3,24.18,0.34
stl10,maxherding,True,125,3,24.77,0.28
stl10,maxherding,True,150,3,24.85,0.10
stl10,maxherding,True,175,3,26.13,0.31
stl10,maxherding,True,200,3,26.64,0.34
stl10,uherding,True,25,3,20.47,0.39
stl10,uherding,True,50,3,22.65,0.11
stl10,uherding,True,100,3,24.53,0.18
stl10,uherding,True,125,3,25.14,0.26
stl10,uherding,True,150,3,25.21,0.01
stl10,uherding,True,175,3,26.04,0.32
stl10,uherding,True,200,3,27.09,0.36
stl10,wassersteinip,True,25,3,21.10,0.20
stl10,wassersteinip,True,50,3,22.38,0.45
stl10,wassersteinip,True,100,3,24.78,0.47
stl10,wassersteinip,True,125,3,25.07,0.04
stl10,wassersteinip,True,150,3,25.47,0.47
stl10,wassersteinip,True,175,3,26.50,0.29
stl10,wassersteinip,True,200,3,26.81,0.52
caltech101,WASSAL_WITHSOFT,False,25,3,20.69,2.15
caltech101,WASSAL_WITHSOFT,False,50,3,22.66,1.09
caltech101,WASSAL_WITHSOFT,False,100,3,24.85,0.88
caltech101,WASSAL_WITHSOFT,False,175,3,25.94,0.50
caltech101,WASSAL_WITHSOFT,False,200,3,27.40,1.04
caltech101,WASSAL,False,25,3,15.59,3.43
caltech101,WASSAL,False,50,3,19.09,0.41
caltech101,WASSAL,False,100,3,18.87,0.82
caltech101,WASSAL,False,175,3,20.84,0.69
caltech101,WASSAL,False,200,3,22.22,0.49
caltech101,badge,False,25,3,15.96,1.97
caltech101,badge,False,50,3,20.18,3.05
caltech101,badge,False,100,3,18.91,1.33
caltech101,badge,False,175,3,23.75,0.93
caltech101,badge,False,200,3,24.37,0.61
caltech101,glister,False,25,3,14.28,2.14
caltech101,glister,False,50,3,17.85,1.32
caltech101,glister,False,100,3,21.60,0.28
caltech101,glister,False,175,3,23.86,0.88
caltech101,glister,False,200,3,24.15,1.63
caltech101,gradmatch-tss,False,25,3,15.70,0.67
caltech101,gradmatch-tss,False,50,3,19.16,0.93
caltech101,gradmatch-tss,False,100,3,21.38,1.34
caltech101,gradmatch-tss,False,175,3,24.01,0.99
caltech101,gradmatch-tss,False,200,3,25.17,0.63
caltech101,coreset,False,25,3,15.45,1.01
caltech101,coreset,False,50,3,18.07,0.35
caltech101,coreset,False,100,3,18.36,1.42
caltech101,coreset,False,175,3,20.84,1.28
caltech101,coreset,False,200,3,22.00,1.36
caltech101,us,False,25,3,15.81,0.98
caltech101,us,False,50,3,18.98,1.12
caltech101,us,False,100,3,18.29,0.71
caltech101,us,False,175,3,17.60,2.19
caltech101,us,False,200,3,20.07,1.59
caltech101,leastconf,False,25,3,16.39,1.18
caltech101,leastconf,False,50,3,16.90,2.12
caltech101,leastconf,False,100,3,18.07,2.21
caltech101,leastconf,False,175,3,19.53,0.69
caltech101,leastconf,False,200,3,22.15,1.86
caltech101,margin,False,25,3,15.05,1.49
caltech101,margin,False,50,3,17.81,0.83
caltech101,margin,False,100,3,21.35,1.08
caltech101,margin,False,175,3,22.95,0.44
caltech101,margin,False,200,3,22.95,1.34
caltech101,random,False,25,3,16.10,0.67
caltech101,random,False,50,3,20.26,0.60
caltech101,random,False,100,3,20.26,1.46
caltech101,random,False,175,3,23.75,2.19
caltech101,random,False,200,3,24.15,0.89
caltech101,typiclust,True,25,3,14.94,1.20
caltech101,typiclust,True,50,3,18.14,0.44
caltech101,typiclust,True,100,3,21.79,1.80
caltech101,typiclust,True,175,3,23.32,0.88
caltech101,typiclust,True,200,3,25.39,0.55
caltech101,probcover,True,25,3,15.41,0.79
caltech101,probcover,True,50,3,17.49,0.87
caltech101,probcover,True,100,3,21.86,1.33
caltech101,probcover,True,175,3,22.73,0.58
caltech101,probcover,True,200,3,24.77,0.98
caltech101,dcom,True,25,3,19.23,0.48
caltech101,dcom,True,50,3,21.31,0.48
caltech101,dcom,True,100,3,22.15,1.20
caltech101,dcom,True,175,3,22.91,0.38
caltech101,dcom,True,200,3,24.15,0.72
caltech101,alfamargin,True,25,3,15.15,0.74
caltech101,alfamargin,True,50,3,16.90,0.83
caltech101,alfamargin,True,100,3,21.68,1.12
caltech101,alfamargin,True,175,3,22.30,1.58
caltech101,alfamargin,True,200,3,23.42,0.41
caltech101,maxherding,True,25,3,16.10,1.98
caltech101,maxherding,True,50,3,20.07,1.56
caltech101,maxherding,True,100,3,22.70,0.71
caltech101,maxherding,True,175,3,23.53,1.20
caltech101,maxherding,True,200,3,23.39,1.72
caltech101,uherding,True,25,3,15.52,2.22
caltech101,uherding,True,50,3,20.15,1.05
caltech101,uherding,True,100,3,20.40,1.48
caltech101,uherding,True,175,3,22.00,1.17
caltech101,uherding,True,200,3,22.19,0.95
caltech101,wassersteinip,True,25,3,15.59,0.63
caltech101,wassersteinip,True,50,3,17.30,2.03
caltech101,wassersteinip,True,100,3,19.89,0.22
caltech101,wassersteinip,True,175,3,23.28,0.22
caltech101,wassersteinip,True,200,3,24.44,0.93
